state,financial_year,metric,total_fc_inr,total_fc_original,original_unit,reporting_associations,source_document,source_url,table_ref,retrieved_date,notes
ALL-INDIA,2010-11,received,103341100000.00,"10,334.11",crore,22735,"MHA Annual Report 2012-13, Chapter XIII (Foreigners Division), para 13.12",https://www.mha.gov.in/sites/default/files/AnnualReport_12_13.pdf,"Para 13.12 narrative (no table): 'The total receipt of foreign contribution reported by 22,735 associations during the year 2010-11 was Rs 10,334.11 crore.'",2026-09-23,"National total only; no state-wise table in this report. 2010-11 also covered state-wise by LS USQ 328 (separate source, separate rows)."
ALL-INDIA,2011-12,received,94233400000.00,"9,423.34",crore,14391,"MHA Annual Report 2012-13, Chapter XIII (Foreigners Division), para 13.12",https://www.mha.gov.in/sites/default/files/AnnualReport_12_13.pdf,"Para 13.12 narrative (no table): 'The total receipt of foreign contribution during 2011-12, as reported by 14,391 associations till 31.12.2012, is Rs 9,423.34 crore.'",2026-09-23,National total only. Figure is as-reported till 31.12.2012 and was revised upward in the 2013-14 AR as more annual returns were filed (see separate row).
ALL-INDIA,2011-12,received,115507800000.00,"11,550.78",crore,22702,"MHA Annual Report 2013-14, Chapter XIII (Foreigners Division), para 13.13",https://www.mha.gov.in/sites/default/files/AnnualReport_13_14.pdf,"Para 13.13 narrative (no table): 'The total receipt of Foreign Contributions reported by 22,702 associations during the year 2011-12 was Rs 11,550.78 crore.'",2026-09-23,"National total only. Revises the 2011-12 figure given in the 2012-13 AR (Rs 9,423.34 crore) as more annual returns were filed; kept as a separate per-source row, never merged."
ALL-INDIA,2012-13,received,108750600000.00,"10,875.06",crore,16896,"MHA Annual Report 2013-14, Chapter XIII (Foreigners Division), para 13.13",https://www.mha.gov.in/sites/default/files/AnnualReport_13_14.pdf,"Para 13.13 narrative (no table): 'The total receipt of Foreign Contribution during 2012-13, as reported by 16,896 associations till 31.03.2014 is Rs 10,875.06 crore.'",2026-09-23,National total only; fills a gap year (no state-level 2012-13 data anywhere). Figure as-reported till 31.03.2014; revised upward in the 2014-15 AR (see separate row).
ALL-INDIA,2012-13,received,119090700000.00,"11,909.07",crore,18519,"MHA Annual Report 2014-15, Chapter XIII (Foreigners Division), para 13.14",https://www.mha.gov.in/sites/default/files/AnnualReport_14_15.pdf,"Para 13.14 narrative (no table): 'The total receipt of Foreign Contribution reported by 18,519 associations during the year 2012-13 was Rs 11,909.07 crore.'",2026-09-23,"National total only. Revises the 2012-13 figure given in the 2013-14 AR (Rs 10,875.06 crore) as more annual returns were filed; kept as a separate per-source row."
ALL-INDIA,2013-14,received,138130680000.00,"13,813.068",crore,16868,"MHA Annual Report 2014-15, Chapter XIII (Foreigners Division), para 13.14",https://www.mha.gov.in/sites/default/files/AnnualReport_14_15.pdf,"Para 13.14 narrative (no table): 'The total receipt of Foreign Contribution during 2013-14 as reported by 16,868 associations till 31.12.2014 is Rs 13,813.068 crore.'",2026-09-23,"National total only; fills a gap year. Figure as-reported till 31.12.2014. The 2015-16 AR gives a different 2013-14 figure (Rs 12,980 crore); kept as separate per-source rows."
ALL-INDIA,2013-14,received,129800000000.00,"12,980",crore,,"MHA Annual Report 2015-16, Chapter XIII (Foreigners Division), para 13.20",https://www.mha.gov.in/sites/default/files/AnnualReport_15_16.pdf,"Para 13.20 narrative (no table): 'At present a total of 33,346 associations are registered under FCRA and Rs 12,980 crore have been received in year 2013-14 under FCRA.'",2026-09-23,"National total only; fills a gap year. Differs from the 2014-15 AR's 2013-14 figure (Rs 13,813.068 crore); both are verbatim per-document figures kept as separate rows. '33,346' is registered associations, not the reporting count, so reporting_associations is left null."
ALL-INDIA,2016-17,received,151820000000.00,"15,182",crore,,"MHA Annual Report 2017-18, Chapter XIII (Foreigners Division), para 13.25",https://www.mha.gov.in/sites/default/files/AnnualReport_17_18.pdf,"Para 13.25 narrative (no table): 'foreign contribution of over Rs 15.182 thousand crore was received in the year 2016-17' (24,900 active associations as on 15.03.2018).",2026-09-23,"National total only. '15.182 thousand crore' = Rs 15,182 crore; the document's own word 'over' is preserved as a qualifier. 2016-17 also covered state-wise by RS SQ 304 (separate source, separate rows). Document qualifier on the figure: 'over'."
ALL-INDIA,2017-18,received,168810000000.00,"16,881",crore,,"MHA Annual Report 2018-19, Chapter XIII (Foreigners Division), para 13.23",https://www.mha.gov.in/sites/default/files/AnnualReport_18_19.pdf,"Para 13.23 narrative (no table): 'During the financial year 2017-18 (as on 31.03.2019), foreign contribution of over Rs 16,881 crore approx. was received' (24,572 active associations as on 11.04.2019).",2026-09-23,"National total only. The document's own words 'over' and 'approx.' are preserved as qualifiers. 2017-18 also covered state-wise by RS SQ 304 (separate source, separate rows). Document qualifier on the figure: 'over; approx.'."
